id,name,email,password
1,Customer1,customer1@gmail.com,pass0001
2,Customer2,customer2@gmail.com,pass0002
3,Customer3,customer3@gmail.com,pass0003
4,Customer4,customer4@gmail.com,pass0004
5,Customer5,customer5@gmail.com,pass0005
6,Customer6,customer6@gmail.com,pass0006
7,Customer7,customer7@gmail.com,pass0007
8,Customer8,customer8@gmail.com,pass0008
9,Customer9,customer9@gmail.com,pass0009
10,Customer10,customer10@gmail.com,pass0010
11,Customer11,customer11@gmail.com,pass0011
12,Customer12,customer12@gmail.com,pass0012
13,Customer13,customer13@gmail.com,pass0013
14,Customer14,customer14@gmail.com,pass0014
15,Customer15,customer15@gmail.com,pass0015
16,Customer16,customer16@gmail.com,pass0016
17,Customer17,customer17@gmail.com,pass0017
18,Customer18,customer18@gmail.com,pass0018
19,Customer19,customer19@gmail.com,pass0019
20,Customer20,customer20@gmail.com,pass0020
21,Customer21,customer21@gmail.com,pass0021
22,Customer22,customer22@gmail.com,pass0022
23,Customer23,customer23@gmail.com,pass0023
24,Customer24,customer24@gmail.com,pass0024
25,Customer25,customer25@gmail.com,pass0025
26,Customer26,customer26@gmail.com,pass0026
27,Customer27,customer27@gmail.com,pass0027
28,Customer28,customer28@gmail.com,pass0028
29,Customer29,customer29@gmail.com,pass0029
30,Customer30,customer30@gmail.com,pass0030
31,Customer31,customer31@gmail.com,pass0031
32,Customer32,customer32@gmail.com,pass0032
33,Customer33,customer33@gmail.com,pass0033
34,Customer34,customer34@gmail.com,pass0034
35,Customer35,customer35@gmail.com,pass0035
36,Customer36,customer36@gmail.com,pass0036
37,Customer37,customer37@gmail.com,pass0037
38,Customer38,customer38@gmail.com,pass0038
39,Customer39,customer39@gmail.com,pass0039
40,Customer40,customer40@gmail.com,pass0040
41,Customer41,customer41@gmail.com,pass0041
42,Customer42,customer42@gmail.com,pass0042
43,Customer43,customer43@gmail.com,pass0043
44,Customer44,customer44@gmail.com,pass0044
45,Customer45,customer45@gmail.com,pass0045
46,Customer46,customer46@gmail.com,pass0046
47,Customer47,customer47@gmail.com,pass0047
48,Customer48,customer48@gmail.com,pass0048
49,Customer49,customer49@gmail.com,pass0049
50,Customer50,customer50@gmail.com,pass0050
